{"mean":{"confidence_interval":{"confidence_level":0.95,"lower_bound":0.008210361110958459,"upper_bound":0.017290393664191977},"point_estimate":0.012580642040084467,"standard_error":0.002316028273767198},"median":{"confidence_interval":{"confidence_level":0.95,"lower_bound":0.007896120384584426,"upper_bound":0.01697985677620273},"point_estimate":0.011965974967197646,"standard_error":0.0023595758486128393}}