{"mean":{"confidence_interval":{"confidence_level":0.95,"lower_bound":0.0034079092775415043,"upper_bound":0.01811978291715712},"point_estimate":0.010752356169002608,"standard_error":0.0037643523955275425},"median":{"confidence_interval":{"confidence_level":0.95,"lower_bound":0.004791070251773943,"upper_bound":0.018383023787911557},"point_estimate":0.011541085778712157,"standard_error":0.003422093467146824}}