{"mean":{"confidence_interval":{"confidence_level":0.95,"lower_bound":-0.2003771116816656,"upper_bound":-0.11079624181832833},"point_estimate":-0.15720718767004271,"standard_error":0.022915270498079305},"median":{"confidence_interval":{"confidence_level":0.95,"lower_bound":-0.03803586783941959,"upper_bound":-0.00965230147305196},"point_estimate":-0.023145521894237686,"standard_error":0.007479936368511477}}