{"mean":{"confidence_interval":{"confidence_level":0.95,"lower_bound":-0.03268067561856837,"upper_bound":0.004473579940808156},"point_estimate":-0.011156483850672139,"standard_error":0.009595669805877857},"median":{"confidence_interval":{"confidence_level":0.95,"lower_bound":-0.017036692109606455,"upper_bound":0.003309865091494816},"point_estimate":-0.0054043862658201824,"standard_error":0.004955628855954422}}