{"mean":{"confidence_interval":{"confidence_level":0.95,"lower_bound":-0.04579281382628045,"upper_bound":-0.021594814545683995},"point_estimate":-0.033345038126017745,"standard_error":0.006182721341295782},"median":{"confidence_interval":{"confidence_level":0.95,"lower_bound":-0.0407595790290582,"upper_bound":-0.023359811635763394},"point_estimate":-0.03342429067890573,"standard_error":0.004583818888349962}}