{"mean":{"confidence_interval":{"confidence_level":0.95,"lower_bound":0.013356343972793314,"upper_bound":0.04102273622113437},"point_estimate":0.030662680067752968,"standard_error":0.007876994919945568},"median":{"confidence_interval":{"confidence_level":0.95,"lower_bound":0.03644538041884182,"upper_bound":0.0448705822238491},"point_estimate":0.041042684735601354,"standard_error":0.0021920740941092282}}