{"mean":{"confidence_interval":{"confidence_level":0.95,"lower_bound":0.004258385837453558,"upper_bound":0.03210430331946576},"point_estimate":0.015228608824296996,"standard_error":0.007662425452033738},"median":{"confidence_interval":{"confidence_level":0.95,"lower_bound":0.0047275373305220025,"upper_bound":0.014199343073486803},"point_estimate":0.009725640153056325,"standard_error":0.002439960674259196}}