{"mean":{"confidence_interval":{"confidence_level":0.95,"lower_bound":130678815.01,"upper_bound":132110742.08424999},"point_estimate":131380193.33,"standard_error":363207.46422209084},"median":{"confidence_interval":{"confidence_level":0.95,"lower_bound":130365859.0,"upper_bound":131812073.0},"point_estimate":131029273.0,"standard_error":388997.3852791063},"median_abs_dev":{"confidence_interval":{"confidence_level":0.95,"lower_bound":2541780.5143743753,"upper_bound":4048042.7836328745},"point_estimate":3386422.1671789885,"standard_error":383420.0605263075},"slope":null,"std_dev":{"confidence_interval":{"confidence_level":0.95,"lower_bound":3016123.7667667647,"upper_bound":4228459.2837650385},"point_estimate":3652435.9236517646,"standard_error":308141.71965349297}}