{"mean":{"confidence_interval":{"confidence_level":0.95,"lower_bound":3078218.7294117645,"upper_bound":3314081.2866911767},"point_estimate":3189163.5176470596,"standard_error":60378.547589086826},"median":{"confidence_interval":{"confidence_level":0.95,"lower_bound":2942078.7352941176,"upper_bound":2983831.8235294116},"point_estimate":2966060.5,"standard_error":11719.185265466933},"median_abs_dev":{"confidence_interval":{"confidence_level":0.95,"lower_bound":69173.4489425139,"upper_bound":133963.19860991312},"point_estimate":100418.98175250075,"standard_error":17167.093195995196},"slope":null,"std_dev":{"confidence_interval":{"confidence_level":0.95,"lower_bound":409818.38087513356,"upper_bound":765880.7789528901},"point_estimate":607702.3922886807,"standard_error":91183.23698300724}}