{"mean":{"confidence_interval":{"confidence_level":0.95,"lower_bound":-0.002367870754787396,"upper_bound":0.011038303460972948},"point_estimate":0.004694772772025235,"standard_error":0.0033981337522159885},"median":{"confidence_interval":{"confidence_level":0.95,"lower_bound":-0.0072993666406681035,"upper_bound":0.0053327064677810565},"point_estimate":0.00019734043252306321,"standard_error":0.0032354837435232277}}