{"mean":{"confidence_interval":{"confidence_level":0.95,"lower_bound":-0.01011467009407493,"upper_bound":0.02512264489298095},"point_estimate":0.010670395599108096,"standard_error":0.00925300412419348},"median":{"confidence_interval":{"confidence_level":0.95,"lower_bound":0.011360633051845648,"upper_bound":0.031233937081085905},"point_estimate":0.021127405919844966,"standard_error":0.005347469272322997}}