{"mean":{"confidence_interval":{"confidence_level":0.95,"lower_bound":-0.020348448022287247,"upper_bound":0.041328869972606784},"point_estimate":0.0064342221444277925,"standard_error":0.016175636919674163},"median":{"confidence_interval":{"confidence_level":0.95,"lower_bound":-0.0053475209405511315,"upper_bound":0.004483463129769813},"point_estimate":-0.0005064885002823427,"standard_error":0.0025248215315406193}}