{"mean":{"confidence_interval":{"confidence_level":0.95,"lower_bound":-0.0808434171986902,"upper_bound":-0.00391840021888298},"point_estimate":-0.03423202812482906,"standard_error":0.02093153091159164},"median":{"confidence_interval":{"confidence_level":0.95,"lower_bound":-0.006255680522364249,"upper_bound":0.0022642454265221837},"point_estimate":-0.001697085964592393,"standard_error":0.0021515109357876584}}