{"mean":{"confidence_interval":{"confidence_level":0.95,"lower_bound":-0.04980377326079598,"upper_bound":-0.03189696531190747},"point_estimate":-0.04057558962585206,"standard_error":0.004530791084150305},"median":{"confidence_interval":{"confidence_level":0.95,"lower_bound":-0.04375962719192354,"upper_bound":-0.0327315504480602},"point_estimate":-0.039355287619177726,"standard_error":0.002823755330420335}}