{"mean":{"confidence_interval":{"confidence_level":0.95,"lower_bound":2674594.95530263,"upper_bound":2788339.4675526326},"point_estimate":2727297.5815789467,"standard_error":29128.048783333743},"median":{"confidence_interval":{"confidence_level":0.95,"lower_bound":2577026.4736842103,"upper_bound":2656719.3157894737},"point_estimate":2607311.5789473685,"standard_error":22087.092495468067},"median_abs_dev":{"confidence_interval":{"confidence_level":0.95,"lower_bound":75596.13399474231,"upper_bound":188965.05275572598},"point_estimate":119491.27633650067,"standard_error":28740.144176691963},"slope":null,"std_dev":{"confidence_interval":{"confidence_level":0.95,"lower_bound":194620.94628032044,"upper_bound":400814.12425244454},"point_estimate":292526.04899444774,"standard_error":57374.26012255919}}