{"mean":{"confidence_interval":{"confidence_level":0.95,"lower_bound":53747.938398821694,"upper_bound":54972.83743251112},"point_estimate":54342.82478708631,"standard_error":312.91394835877907},"median":{"confidence_interval":{"confidence_level":0.95,"lower_bound":52890.36437246964,"upper_bound":54320.07751313372},"point_estimate":53716.009571067494,"standard_error":353.7606486567875},"median_abs_dev":{"confidence_interval":{"confidence_level":0.95,"lower_bound":1707.9347827927547,"upper_bound":3301.505368561289},"point_estimate":2457.489541412391,"standard_error":417.12256826119375},"slope":{"confidence_interval":{"confidence_level":0.95,"lower_bound":52662.908111206045,"upper_bound":53702.971549109585},"point_estimate":53166.65655370879,"standard_error":264.52715344730143},"std_dev":{"confidence_interval":{"confidence_level":0.95,"lower_bound":2508.528960222099,"upper_bound":3720.0497074999544},"point_estimate":3137.2192301555756,"standard_error":310.0740032848985}}