{"mean":{"confidence_interval":{"confidence_level":0.95,"lower_bound":-0.008028475920701841,"upper_bound":0.011051019892856182},"point_estimate":0.0019171819162959736,"standard_error":0.004891236164979864},"median":{"confidence_interval":{"confidence_level":0.95,"lower_bound":-0.004438001256512281,"upper_bound":0.007005833541621875},"point_estimate":0.0027157708708924755,"standard_error":0.002998471803427722}}