{"mean":{"confidence_interval":{"confidence_level":0.95,"lower_bound":-0.01800675541860504,"upper_bound":0.010581080848373049},"point_estimate":-0.003638161256539485,"standard_error":0.00732941382779492},"median":{"confidence_interval":{"confidence_level":0.95,"lower_bound":-0.027070068501485356,"upper_bound":0.002981020137871937},"point_estimate":-0.009281462046180744,"standard_error":0.0077761230181594655}}