{"mean":{"confidence_interval":{"confidence_level":0.95,"lower_bound":-0.005166547407740647,"upper_bound":0.005247838799350251},"point_estimate":0.00009598499811236394,"standard_error":0.0026501761837696425},"median":{"confidence_interval":{"confidence_level":0.95,"lower_bound":-0.008281851199873902,"upper_bound":0.0038942694908572495},"point_estimate":-0.001850263341499403,"standard_error":0.0030797308004081366}}