{"mean":{"confidence_interval":{"confidence_level":0.95,"lower_bound":-0.03203925699638783,"upper_bound":0.01367101139683702},"point_estimate":-0.011193105852347895,"standard_error":0.0116059012843967},"median":{"confidence_interval":{"confidence_level":0.95,"lower_bound":-0.042959729363618915,"upper_bound":-0.025210704483617175},"point_estimate":-0.03465933120999376,"standard_error":0.004527374983501428}}