{"mean":{"confidence_interval":{"confidence_level":0.95,"lower_bound":0.010951962189647403,"upper_bound":0.02090089975694229},"point_estimate":0.01593373015458921,"standard_error":0.0025426988806076124},"median":{"confidence_interval":{"confidence_level":0.95,"lower_bound":0.012373177729298357,"upper_bound":0.02202091659704153},"point_estimate":0.01810850422720267,"standard_error":0.0024827786919866127}}