{"mean":{"confidence_interval":{"confidence_level":0.95,"lower_bound":0.002984349866465277,"upper_bound":0.047583296556324976},"point_estimate":0.02417191517999262,"standard_error":0.011509018300444056},"median":{"confidence_interval":{"confidence_level":0.95,"lower_bound":-0.014934358534737457,"upper_bound":0.011038012615622872},"point_estimate":-0.003002040931000982,"standard_error":0.006506740742271057}}