{"mean":{"confidence_interval":{"confidence_level":0.95,"lower_bound":-0.036736807030773797,"upper_bound":-0.006328837807043983},"point_estimate":-0.020516466652722776,"standard_error":0.007719405120658611},"median":{"confidence_interval":{"confidence_level":0.95,"lower_bound":-0.02901691019094895,"upper_bound":-0.00680100986901333},"point_estimate":-0.016694210935128795,"standard_error":0.005597411417147033}}