{"mean":{"confidence_interval":{"confidence_level":0.95,"lower_bound":2012548.809583333,"upper_bound":2035908.384208333},"point_estimate":2024033.5370833338,"standard_error":5950.724076511269},"median":{"confidence_interval":{"confidence_level":0.95,"lower_bound":2001968.625,"upper_bound":2032878.7916666667},"point_estimate":2014404.9375,"standard_error":8180.802542713692},"median_abs_dev":{"confidence_interval":{"confidence_level":0.95,"lower_bound":41101.964632794145,"upper_bound":68746.15309201204},"point_estimate":54424.76243376732,"standard_error":6964.51727364114},"slope":null,"std_dev":{"confidence_interval":{"confidence_level":0.95,"lower_bound":49755.545388634004,"upper_bound":70653.31431198107},"point_estimate":60113.802413525984,"standard_error":5379.0565391206555}}