{"mean":{"confidence_interval":{"confidence_level":0.95,"lower_bound":-0.014303307619474813,"upper_bound":0.02940882797274868},"point_estimate":0.00532583348641591,"standard_error":0.011249361844000366},"median":{"confidence_interval":{"confidence_level":0.95,"lower_bound":-0.012018396111230678,"upper_bound":0.009242175002573294},"point_estimate":-0.0006680236959675234,"standard_error":0.005377443760863014}}