{"mean":{"confidence_interval":{"confidence_level":0.95,"lower_bound":-0.09167282358153353,"upper_bound":-0.04631073573797606},"point_estimate":-0.06517858553896283,"standard_error":0.011869590226358123},"median":{"confidence_interval":{"confidence_level":0.95,"lower_bound":-0.07119362142338721,"upper_bound":-0.03902609667869916},"point_estimate":-0.05342411572104688,"standard_error":0.007718809044145592}}