{"mean":{"confidence_interval":{"confidence_level":0.95,"lower_bound":-0.021237097736842105,"upper_bound":0.015970210040945898},"point_estimate":-0.0031075007167301605,"standard_error":0.009470988979987828},"median":{"confidence_interval":{"confidence_level":0.95,"lower_bound":-0.010600617003400647,"upper_bound":0.0020853750449700836},"point_estimate":-0.0038309477558100546,"standard_error":0.0030882902644911335}}