{"mean":{"confidence_interval":{"confidence_level":0.95,"lower_bound":14946.287468330624,"upper_bound":15066.484284642094},"point_estimate":15006.369047432796,"standard_error":30.669566849119853},"median":{"confidence_interval":{"confidence_level":0.95,"lower_bound":14914.647116324535,"upper_bound":15053.24916198273},"point_estimate":14965.950216450216,"standard_error":37.285347380676924},"median_abs_dev":{"confidence_interval":{"confidence_level":0.95,"lower_bound":234.78103021991637,"upper_bound":392.6758419751564},"point_estimate":306.0967160073882,"standard_error":39.975550996977226},"slope":{"confidence_interval":{"confidence_level":0.95,"lower_bound":14985.176416422408,"upper_bound":15119.310613952915},"point_estimate":15051.60512437811,"standard_error":34.32952198495787},"std_dev":{"confidence_interval":{"confidence_level":0.95,"lower_bound":259.30858288290045,"upper_bound":355.4390551249656},"point_estimate":307.22886116497375,"standard_error":24.651953659641602}}