{"mean":{"confidence_interval":{"confidence_level":0.95,"lower_bound":2410436.1170833325,"upper_bound":2434980.4563809526},"point_estimate":2422601.1566666667,"standard_error":6271.149074372375},"median":{"confidence_interval":{"confidence_level":0.95,"lower_bound":2405801.666666667,"upper_bound":2430866.2142857146},"point_estimate":2412211.976190476,"standard_error":6727.718072034321},"median_abs_dev":{"confidence_interval":{"confidence_level":0.95,"lower_bound":43671.21772468044,"upper_bound":73641.16429260794},"point_estimate":63802.70146727585,"standard_error":7755.816496222617},"slope":null,"std_dev":{"confidence_interval":{"confidence_level":0.95,"lower_bound":53041.91903778173,"upper_bound":72188.51079494989},"point_estimate":63032.07049162133,"standard_error":4900.284551403668}}