{"mean":{"confidence_interval":{"confidence_level":0.95,"lower_bound":-0.07153074907884151,"upper_bound":-0.032176850487501414},"point_estimate":-0.052174362350553616,"standard_error":0.010035844411702658},"median":{"confidence_interval":{"confidence_level":0.95,"lower_bound":-0.016775194125501547,"upper_bound":0.004887021828693827},"point_estimate":-0.006655905759342051,"standard_error":0.006015174255167415}}