{"mean":{"confidence_interval":{"confidence_level":0.95,"lower_bound":0.0147881008632223,"upper_bound":0.04391217862271452},"point_estimate":0.028237641362334864,"standard_error":0.007355391846102985},"median":{"confidence_interval":{"confidence_level":0.95,"lower_bound":0.0061431841061370725,"upper_bound":0.022656883229758007},"point_estimate":0.013222570275242651,"standard_error":0.004095023768837686}}