{"mean":{"confidence_interval":{"confidence_level":0.95,"lower_bound":0.004139659165698724,"upper_bound":0.018655347533790455},"point_estimate":0.011315731151516628,"standard_error":0.003695674678053405},"median":{"confidence_interval":{"confidence_level":0.95,"lower_bound":-0.0008193817870219,"upper_bound":0.018026979026214092},"point_estimate":0.0073200733685658825,"standard_error":0.004940233185201529}}