{"mean":{"confidence_interval":{"confidence_level":0.95,"lower_bound":0.12479534624442404,"upper_bound":0.24333686168032206},"point_estimate":0.18400525410249147,"standard_error":0.029766735723084116},"median":{"confidence_interval":{"confidence_level":0.95,"lower_bound":0.041375873307041955,"upper_bound":0.1445741041555475},"point_estimate":0.09824322338459401,"standard_error":0.026894833255868188}}