{"mean":{"confidence_interval":{"confidence_level":0.95,"lower_bound":0.0012909852392339286,"upper_bound":0.026968438001549792},"point_estimate":0.012582529924018093,"standard_error":0.006496895984050868},"median":{"confidence_interval":{"confidence_level":0.95,"lower_bound":0.006114335360267509,"upper_bound":0.022520000457174838},"point_estimate":0.017625375166581803,"standard_error":0.004113724930762106}}