{"mean":{"confidence_interval":{"confidence_level":0.95,"lower_bound":-0.05898160576104144,"upper_bound":-0.031499676832747715},"point_estimate":-0.0421319901269297,"standard_error":0.0074900516325788384},"median":{"confidence_interval":{"confidence_level":0.95,"lower_bound":-0.04179219720319938,"upper_bound":-0.030571451690734497},"point_estimate":-0.03676438760784129,"standard_error":0.0028236138922325977}}