{"mean":{"confidence_interval":{"confidence_level":0.95,"lower_bound":0.032152690849699066,"upper_bound":0.08160358943786314},"point_estimate":0.05220125121485597,"standard_error":0.012724853295423565},"median":{"confidence_interval":{"confidence_level":0.95,"lower_bound":0.03338933904292206,"upper_bound":0.05910314591091326},"point_estimate":0.04893534738379013,"standard_error":0.00645907753697039}}