{"mean":{"confidence_interval":{"confidence_level":0.95,"lower_bound":-0.010837279523934172,"upper_bound":0.02724076669265069},"point_estimate":0.007993792371042252,"standard_error":0.00964343283221922},"median":{"confidence_interval":{"confidence_level":0.95,"lower_bound":-0.0030570935125805443,"upper_bound":0.006177569413659212},"point_estimate":0.0016738691478435097,"standard_error":0.002380846361065159}}