{"mean":{"confidence_interval":{"confidence_level":0.95,"lower_bound":-0.022336033952342977,"upper_bound":-0.0020496913288001128},"point_estimate":-0.011694841962802793,"standard_error":0.005167747882940658},"median":{"confidence_interval":{"confidence_level":0.95,"lower_bound":-0.01935870920745486,"upper_bound":0.001203047990646855},"point_estimate":-0.009856803234731148,"standard_error":0.0052207244390293835}}