{"mean":{"confidence_interval":{"confidence_level":0.95,"lower_bound":2641398.0993194445,"upper_bound":2703187.9911249992},"point_estimate":2669797.1044444446,"standard_error":15845.693131931219},"median":{"confidence_interval":{"confidence_level":0.95,"lower_bound":2611014.5,"upper_bound":2663602.1666666665},"point_estimate":2631948.638888889,"standard_error":13288.650113419582},"median_abs_dev":{"confidence_interval":{"confidence_level":0.95,"lower_bound":67367.65428731858,"upper_bound":120693.64540726015},"point_estimate":88641.56367629778,"standard_error":14050.496313266032},"slope":null,"std_dev":{"confidence_interval":{"confidence_level":0.95,"lower_bound":93400.59530943609,"upper_bound":225220.1552656872},"point_estimate":158856.50151636626,"standard_error":35387.881455869385}}