{"mean":{"confidence_interval":{"confidence_level":0.95,"lower_bound":-0.006003736123428987,"upper_bound":0.03292219465182467},"point_estimate":0.012900025277936544,"standard_error":0.009914311007976859},"median":{"confidence_interval":{"confidence_level":0.95,"lower_bound":-0.004182916997848007,"upper_bound":0.030718678357012585},"point_estimate":0.010341671215610804,"standard_error":0.009220360511681359}}