{"mean":{"confidence_interval":{"confidence_level":0.95,"lower_bound":4195313.9401875,"upper_bound":4220228.470854167},"point_estimate":4207514.4175,"standard_error":6352.300679860313},"median":{"confidence_interval":{"confidence_level":0.95,"lower_bound":4186072.666666667,"upper_bound":4213726.75},"point_estimate":4201233.541666666,"standard_error":7453.845158549175},"median_abs_dev":{"confidence_interval":{"confidence_level":0.95,"lower_bound":45337.66009509552,"upper_bound":72214.60306793475},"point_estimate":59275.0264726578,"standard_error":6880.057457174891},"slope":null,"std_dev":{"confidence_interval":{"confidence_level":0.95,"lower_bound":52360.8915367107,"upper_bound":74919.2008075789},"point_estimate":63809.503312115696,"standard_error":5778.588331631463}}