{"mean":{"confidence_interval":{"confidence_level":0.95,"lower_bound":4698893.538386363,"upper_bound":4829201.000136363},"point_estimate":4747598.179090907,"standard_error":36600.20155982884},"median":{"confidence_interval":{"confidence_level":0.95,"lower_bound":4679397.0,"upper_bound":4730458.545454545},"point_estimate":4693686.818181818,"standard_error":14366.327255761887},"median_abs_dev":{"confidence_interval":{"confidence_level":0.95,"lower_bound":77635.60632169315,"upper_bound":115568.33099370546},"point_estimate":95799.81468103136,"standard_error":9248.17052309973},"slope":null,"std_dev":{"confidence_interval":{"confidence_level":0.95,"lower_bound":76702.48652232916,"upper_bound":620137.8647443306},"point_estimate":367947.43083392555,"standard_error":189062.8957932555}}