{"mean":{"confidence_interval":{"confidence_level":0.95,"lower_bound":-0.04286381727644976,"upper_bound":-0.022551221950384445},"point_estimate":-0.0325169849294934,"standard_error":0.005165999268858774},"median":{"confidence_interval":{"confidence_level":0.95,"lower_bound":-0.03372766522488868,"upper_bound":-0.012475371101451915},"point_estimate":-0.022847347348433522,"standard_error":0.005382543540533235}}