{"mean":{"confidence_interval":{"confidence_level":0.95,"lower_bound":3888803.5210961523,"upper_bound":3914770.1762500014},"point_estimate":3901594.6961538456,"standard_error":6634.060170419662},"median":{"confidence_interval":{"confidence_level":0.95,"lower_bound":3872368.3076923075,"upper_bound":3907310.923076923},"point_estimate":3890880.076923077,"standard_error":8815.353459348895},"median_abs_dev":{"confidence_interval":{"confidence_level":0.95,"lower_bound":47706.24660689087,"upper_bound":83084.4463403411},"point_estimate":65804.68662404084,"standard_error":8910.987845844762},"slope":null,"std_dev":{"confidence_interval":{"confidence_level":0.95,"lower_bound":57580.54203834522,"upper_bound":74565.130211548},"point_estimate":66590.41485608633,"standard_error":4329.448421516792}}