{"mean":{"confidence_interval":{"confidence_level":0.95,"lower_bound":0.011637718742659982,"upper_bound":0.0587437986469956},"point_estimate":0.03328475007007614,"standard_error":0.011823744466778294},"median":{"confidence_interval":{"confidence_level":0.95,"lower_bound":0.0010364003536360578,"upper_bound":0.04684056357488231},"point_estimate":0.019510466852290964,"standard_error":0.01136306229871013}}