{"mean":{"confidence_interval":{"confidence_level":0.95,"lower_bound":0.006919802562924051,"upper_bound":0.035379298791156054},"point_estimate":0.020339423511058774,"standard_error":0.0072920175254274485},"median":{"confidence_interval":{"confidence_level":0.95,"lower_bound":0.001107472575287094,"upper_bound":0.01716565447323881},"point_estimate":0.008411100217458056,"standard_error":0.003981411885514372}}