{"mean":{"confidence_interval":{"confidence_level":0.95,"lower_bound":73954806.54425001,"upper_bound":74844935.33275001},"point_estimate":74384008.53,"standard_error":226499.90587820866},"median":{"confidence_interval":{"confidence_level":0.95,"lower_bound":73542482.5,"upper_bound":74778958.0},"point_estimate":74133391.5,"standard_error":329507.6778098846},"median_abs_dev":{"confidence_interval":{"confidence_level":0.95,"lower_bound":1642035.809648037,"upper_bound":2628078.952342272},"point_estimate":2223510.7780247927,"standard_error":259640.13405313966},"slope":null,"std_dev":{"confidence_interval":{"confidence_level":0.95,"lower_bound":1760495.7829451417,"upper_bound":2861440.516117422},"point_estimate":2283277.5258803233,"standard_error":289999.8064205564}}