{"mean":{"confidence_interval":{"confidence_level":0.95,"lower_bound":-0.061838590797345584,"upper_bound":-0.03855619347682366},"point_estimate":-0.05010451083381906,"standard_error":0.005969013093203786},"median":{"confidence_interval":{"confidence_level":0.95,"lower_bound":-0.057325959780321845,"upper_bound":-0.027218599434597257},"point_estimate":-0.04492154239906743,"standard_error":0.007909144938871905}}