{"mean":{"confidence_interval":{"confidence_level":0.95,"lower_bound":0.14179947728549394,"upper_bound":0.1913729759048675},"point_estimate":0.1680303383548103,"standard_error":0.012570835444046054},"median":{"confidence_interval":{"confidence_level":0.95,"lower_bound":0.15942049327974894,"upper_bound":0.19146409833873504},"point_estimate":0.17252990407054347,"standard_error":0.008272645864727151}}