{"mean":{"confidence_interval":{"confidence_level":0.95,"lower_bound":-0.05748535928284956,"upper_bound":-0.03528460573302472},"point_estimate":-0.04600897765650047,"standard_error":0.00567228281138818},"median":{"confidence_interval":{"confidence_level":0.95,"lower_bound":-0.04610565105717317,"upper_bound":-0.02352589476426592},"point_estimate":-0.03471136069331093,"standard_error":0.006120771875290409}}