{"mean":{"confidence_interval":{"confidence_level":0.95,"lower_bound":-0.0139898374555016,"upper_bound":0.017087052031710195},"point_estimate":0.001273150055738581,"standard_error":0.00793852853505401},"median":{"confidence_interval":{"confidence_level":0.95,"lower_bound":-0.0039864683074468665,"upper_bound":0.006046627888270484},"point_estimate":-0.000518985522626414,"standard_error":0.0026012716031303174}}