{"mean":{"confidence_interval":{"confidence_level":0.95,"lower_bound":0.008303894513701766,"upper_bound":0.06573117202582075},"point_estimate":0.035542266529207334,"standard_error":0.014613115272430982},"median":{"confidence_interval":{"confidence_level":0.95,"lower_bound":0.015103511748511655,"upper_bound":0.029929723308597556},"point_estimate":0.0199249546223923,"standard_error":0.003656470523429584}}