{"mean":{"confidence_interval":{"confidence_level":0.95,"lower_bound":2720037.386583334,"upper_bound":2777325.5895416657},"point_estimate":2746679.2977777785,"standard_error":14619.863162100846},"median":{"confidence_interval":{"confidence_level":0.95,"lower_bound":2694006.388888889,"upper_bound":2738036.111111111},"point_estimate":2718330.638888889,"standard_error":10640.687077167284},"median_abs_dev":{"confidence_interval":{"confidence_level":0.95,"lower_bound":71036.38910551881,"upper_bound":119433.2295129695},"point_estimate":99491.10673367966,"standard_error":12542.981615046863},"slope":null,"std_dev":{"confidence_interval":{"confidence_level":0.95,"lower_bound":91821.76453732465,"upper_bound":196494.56119789602},"point_estimate":146745.03988351568,"standard_error":27190.966131776066}}