{"mean":{"confidence_interval":{"confidence_level":0.95,"lower_bound":-0.06187559801883804,"upper_bound":-0.04111146215767933},"point_estimate":-0.051019993884640846,"standard_error":0.005279868992545143},"median":{"confidence_interval":{"confidence_level":0.95,"lower_bound":-0.05787777330230299,"upper_bound":-0.03841948348720048},"point_estimate":-0.044529939397144336,"standard_error":0.005119572783313192}}