{"mean":{"confidence_interval":{"confidence_level":0.95,"lower_bound":-0.02359032583954722,"upper_bound":-0.01322395054482764},"point_estimate":-0.018232760809043347,"standard_error":0.0026615593026929714},"median":{"confidence_interval":{"confidence_level":0.95,"lower_bound":-0.020310993715023207,"upper_bound":-0.008606938792902308},"point_estimate":-0.014171146163174386,"standard_error":0.0030320966762035673}}