{"mean":{"confidence_interval":{"confidence_level":0.95,"lower_bound":-0.021688828885086754,"upper_bound":0.0024742916063071564},"point_estimate":-0.010009425894418778,"standard_error":0.006229320962858671},"median":{"confidence_interval":{"confidence_level":0.95,"lower_bound":-0.02791345381599027,"upper_bound":-0.014809022090817248},"point_estimate":-0.020696482575976005,"standard_error":0.0033019067563053164}}