{"mean":{"confidence_interval":{"confidence_level":0.95,"lower_bound":-0.02870938561518099,"upper_bound":-0.002092386928587851},"point_estimate":-0.014157204623706399,"standard_error":0.006841760058356757},"median":{"confidence_interval":{"confidence_level":0.95,"lower_bound":-0.01642398005991408,"upper_bound":-0.003394807848274284},"point_estimate":-0.007798353246750711,"standard_error":0.0033217581444697345}}