{"mean":{"confidence_interval":{"confidence_level":0.95,"lower_bound":0.004288182294343882,"upper_bound":0.07417477937482958},"point_estimate":0.03688685839542871,"standard_error":0.017602402198052456},"median":{"confidence_interval":{"confidence_level":0.95,"lower_bound":-0.006659393675669647,"upper_bound":0.04238908529050733},"point_estimate":0.012476489109217503,"standard_error":0.012780259739218848}}