{"mean":{"confidence_interval":{"confidence_level":0.95,"lower_bound":3003286.222890625,"upper_bound":3118420.88978125},"point_estimate":3058425.56125,"standard_error":29449.15383086475},"median":{"confidence_interval":{"confidence_level":0.95,"lower_bound":2881680.71875,"upper_bound":2940146.0},"point_estimate":2901009.5625,"standard_error":15119.241925707745},"median_abs_dev":{"confidence_interval":{"confidence_level":0.95,"lower_bound":52638.078888924814,"upper_bound":139674.53890778124},"point_estimate":79360.75038481504,"standard_error":23974.0176455605},"slope":null,"std_dev":{"confidence_interval":{"confidence_level":0.95,"lower_bound":232558.69008523357,"upper_bound":359166.48144783516},"point_estimate":295169.03763898864,"standard_error":32757.43063236506}}