{"mean":{"confidence_interval":{"confidence_level":0.95,"lower_bound":0.07594978818322683,"upper_bound":0.1467987004219294},"point_estimate":0.10775581825577007,"standard_error":0.01862236195621028},"median":{"confidence_interval":{"confidence_level":0.95,"lower_bound":0.020336005078706698,"upper_bound":0.060353733237928996},"point_estimate":0.037563414104716975,"standard_error":0.009702953317436678}}