{"mean":{"confidence_interval":{"confidence_level":0.95,"lower_bound":-0.04507520050306106,"upper_bound":0.05459294926415898},"point_estimate":0.004177400320103608,"standard_error":0.025537518237514368},"median":{"confidence_interval":{"confidence_level":0.95,"lower_bound":-0.010061965247216365,"upper_bound":0.013477690935783215},"point_estimate":0.0021855033087061493,"standard_error":0.00607205560552578}}