{"mean":{"confidence_interval":{"confidence_level":0.95,"lower_bound":2433591.364845238,"upper_bound":2569880.6804880966},"point_estimate":2495811.697619047,"standard_error":34820.67583172645},"median":{"confidence_interval":{"confidence_level":0.95,"lower_bound":2317282.4285714286,"upper_bound":2416095.476190476},"point_estimate":2350918.0,"standard_error":27162.156414574554},"median_abs_dev":{"confidence_interval":{"confidence_level":0.95,"lower_bound":76861.93623542797,"upper_bound":197716.7790898253},"point_estimate":118227.8875010356,"standard_error":31452.01949524025},"slope":null,"std_dev":{"confidence_interval":{"confidence_level":0.95,"lower_bound":208647.31218539632,"upper_bound":486108.51756532694},"point_estimate":350680.5165358809,"standard_error":74183.50982642123}}