{"mean":{"confidence_interval":{"confidence_level":0.95,"lower_bound":115990.21600671034,"upper_bound":123865.49865843044},"point_estimate":119729.9214300204,"standard_error":2009.8951124105129},"median":{"confidence_interval":{"confidence_level":0.95,"lower_bound":110242.09190496514,"upper_bound":114299.22751322751},"point_estimate":111802.8835978836,"standard_error":936.9020691121898},"median_abs_dev":{"confidence_interval":{"confidence_level":0.95,"lower_bound":5878.205315640988,"upper_bound":11807.834946575684},"point_estimate":8396.712147353684,"standard_error":1475.8137001097143},"slope":{"confidence_interval":{"confidence_level":0.95,"lower_bound":123298.60628519692,"upper_bound":136205.96589256453},"point_estimate":129695.54756317423,"standard_error":3289.717026220088},"std_dev":{"confidence_interval":{"confidence_level":0.95,"lower_bound":14623.218581061219,"upper_bound":25160.991204535454},"point_estimate":20141.28330338307,"standard_error":2696.9829384951895}}