{"mean":{"confidence_interval":{"confidence_level":0.95,"lower_bound":1437558.278263388,"upper_bound":1453142.4613388376},"point_estimate":1445228.575677044,"standard_error":3971.3547107674794},"median":{"confidence_interval":{"confidence_level":0.95,"lower_bound":1436618.0652173914,"upper_bound":1445837.8671875},"point_estimate":1440812.1965277777,"standard_error":2058.8341055128003},"median_abs_dev":{"confidence_interval":{"confidence_level":0.95,"lower_bound":28605.292008016902,"upper_bound":48454.83627332483},"point_estimate":35808.10028099608,"standard_error":5494.873273088249},"slope":{"confidence_interval":{"confidence_level":0.95,"lower_bound":1442987.1179107055,"upper_bound":1459579.053549526},"point_estimate":1451314.159692626,"standard_error":4229.832822409525},"std_dev":{"confidence_interval":{"confidence_level":0.95,"lower_bound":33237.71958263482,"upper_bound":46111.48264409103},"point_estimate":39910.64478872781,"standard_error":3293.80280492197}}