{"mean":{"confidence_interval":{"confidence_level":0.95,"lower_bound":2221088.5144204535,"upper_bound":2235755.36515909},"point_estimate":2228332.5572727267,"standard_error":3742.9135207815903},"median":{"confidence_interval":{"confidence_level":0.95,"lower_bound":2212651.8181818184,"upper_bound":2230451.6818181816},"point_estimate":2223568.7727272725,"standard_error":4275.098269941948},"median_abs_dev":{"confidence_interval":{"confidence_level":0.95,"lower_bound":22098.422171310693,"upper_bound":45813.27844744735},"point_estimate":34595.66169489451,"standard_error":6614.66328881287},"slope":null,"std_dev":{"confidence_interval":{"confidence_level":0.95,"lower_bound":32570.32759019494,"upper_bound":41976.071662253635},"point_estimate":37595.23641214722,"standard_error":2395.4325869147115}}