{"mean":{"confidence_interval":{"confidence_level":0.95,"lower_bound":-0.008715721040270238,"upper_bound":0.014049188805072794},"point_estimate":0.002388844919130051,"standard_error":0.005827516684040494},"median":{"confidence_interval":{"confidence_level":0.95,"lower_bound":-0.017376496700263977,"upper_bound":0.0034864337448676785},"point_estimate":-0.005189249174522459,"standard_error":0.0052416245869565704}}