{"mean":{"confidence_interval":{"confidence_level":0.95,"lower_bound":-0.04680200969518828,"upper_bound":-0.024346756049902125},"point_estimate":-0.03544849854690346,"standard_error":0.005736802700678736},"median":{"confidence_interval":{"confidence_level":0.95,"lower_bound":-0.05311028023571207,"upper_bound":-0.031115504224477637},"point_estimate":-0.04266752183678102,"standard_error":0.005617630198593731}}