{"mean":{"confidence_interval":{"confidence_level":0.95,"lower_bound":-0.04037803310742687,"upper_bound":0.051149744535049384},"point_estimate":0.0035114402418594537,"standard_error":0.023352804871781083},"median":{"confidence_interval":{"confidence_level":0.95,"lower_bound":-0.03685954803110215,"upper_bound":-0.006553397109075432},"point_estimate":-0.016434852672838396,"standard_error":0.008554716389874671}}