{"mean":{"confidence_interval":{"confidence_level":0.95,"lower_bound":-0.03123045779499828,"upper_bound":0.02578746581042562},"point_estimate":-0.0017729840977467326,"standard_error":0.014432379255633841},"median":{"confidence_interval":{"confidence_level":0.95,"lower_bound":-0.0048668227906294255,"upper_bound":0.0040309830371344745},"point_estimate":-0.0004537107062441148,"standard_error":0.0022261314883524233}}