{"mean":{"confidence_interval":{"confidence_level":0.95,"lower_bound":3248744.777116664,"upper_bound":3494605.3757666685},"point_estimate":3365948.910666666,"standard_error":62870.79124494853},"median":{"confidence_interval":{"confidence_level":0.95,"lower_bound":3101288.8,"upper_bound":3143447.3},"point_estimate":3122549.9333333336,"standard_error":13177.901347703997},"median_abs_dev":{"confidence_interval":{"confidence_level":0.95,"lower_bound":77307.45752751874,"upper_bound":139518.3902430535},"point_estimate":103523.08678209786,"standard_error":15538.236894934977},"slope":null,"std_dev":{"confidence_interval":{"confidence_level":0.95,"lower_bound":480288.8304170517,"upper_bound":742792.2228058783},"point_estimate":630771.3960986858,"standard_error":67178.56477032522}}