{"mean":{"confidence_interval":{"confidence_level":0.95,"lower_bound":-0.020223970454718052,"upper_bound":0.044193337310354054},"point_estimate":0.010394015555990954,"standard_error":0.01629333735993266},"median":{"confidence_interval":{"confidence_level":0.95,"lower_bound":-0.006150967823408737,"upper_bound":0.005480806452909048},"point_estimate":0.00032914604872535946,"standard_error":0.0028850125521179206}}