{"mean":{"confidence_interval":{"confidence_level":0.95,"lower_bound":-0.06111665026486776,"upper_bound":-0.03154607538559583},"point_estimate":-0.04585124694192455,"standard_error":0.007531755687162333},"median":{"confidence_interval":{"confidence_level":0.95,"lower_bound":-0.055130261839425265,"upper_bound":-0.02818742799528151},"point_estimate":-0.042785945607808906,"standard_error":0.007155585334447322}}