{"mean":{"confidence_interval":{"confidence_level":0.95,"lower_bound":-0.052781258704995664,"upper_bound":-0.022054416998601403},"point_estimate":-0.038402623868926566,"standard_error":0.0078001263166315},"median":{"confidence_interval":{"confidence_level":0.95,"lower_bound":-0.04624221943006146,"upper_bound":-0.02362399588699451},"point_estimate":-0.03553080708882628,"standard_error":0.00578838227237382}}