{"mean":{"confidence_interval":{"confidence_level":0.95,"lower_bound":-0.017300114643849018,"upper_bound":0.05084327703540523},"point_estimate":0.01814850597108597,"standard_error":0.017328171687221464},"median":{"confidence_interval":{"confidence_level":0.95,"lower_bound":0.008702066309345113,"upper_bound":0.021805013842278065},"point_estimate":0.012676402757816119,"standard_error":0.0035530226442374575}}