{"mean":{"confidence_interval":{"confidence_level":0.95,"lower_bound":-0.06204531860047217,"upper_bound":-0.009916876770855133},"point_estimate":-0.03795452143692879,"standard_error":0.013310866245310483},"median":{"confidence_interval":{"confidence_level":0.95,"lower_bound":-0.09470891661130831,"upper_bound":-0.05362741797927584},"point_estimate":-0.07643477360664641,"standard_error":0.010222606683851701}}