{"mean":{"confidence_interval":{"confidence_level":0.95,"lower_bound":-0.08846480793900872,"upper_bound":-0.05605743488514793},"point_estimate":-0.07238582532026983,"standard_error":0.008250858101212937},"median":{"confidence_interval":{"confidence_level":0.95,"lower_bound":-0.08848184114221003,"upper_bound":-0.05813426473563599},"point_estimate":-0.07312319033379966,"standard_error":0.00798256168956253}}