{"mean":{"confidence_interval":{"confidence_level":0.95,"lower_bound":-0.0662479437368342,"upper_bound":0.010800816078656223},"point_estimate":-0.028030068496380678,"standard_error":0.019672429385029874},"median":{"confidence_interval":{"confidence_level":0.95,"lower_bound":0.00010057647615234331,"upper_bound":0.04077212091228888},"point_estimate":0.019610979675483087,"standard_error":0.010105372168966916}}