{"mean":{"confidence_interval":{"confidence_level":0.95,"lower_bound":0.025808009711348102,"upper_bound":0.056703634103850764},"point_estimate":0.03705277514180616,"standard_error":0.008329345162842262},"median":{"confidence_interval":{"confidence_level":0.95,"lower_bound":0.0222293323516205,"upper_bound":0.035147334305313915},"point_estimate":0.026294189985779814,"standard_error":0.0034456512677762366}}