{"mean":{"confidence_interval":{"confidence_level":0.95,"lower_bound":0.05530319774661955,"upper_bound":0.0826493091993293},"point_estimate":0.06881216951624336,"standard_error":0.007040094559338998},"median":{"confidence_interval":{"confidence_level":0.95,"lower_bound":0.05173107533431809,"upper_bound":0.08520421127359083},"point_estimate":0.06720137535888271,"standard_error":0.0084598593126885}}