{"mean":{"confidence_interval":{"confidence_level":0.95,"lower_bound":0.0005773048685049541,"upper_bound":0.026305258104790345},"point_estimate":0.013909748869583183,"standard_error":0.0065848584803413395},"median":{"confidence_interval":{"confidence_level":0.95,"lower_bound":0.004077362408082763,"upper_bound":0.015862004585300626},"point_estimate":0.010194497417251425,"standard_error":0.0030772364491662616}}