{"mean":{"confidence_interval":{"confidence_level":0.95,"lower_bound":-0.00565325818924155,"upper_bound":0.0422870438863263},"point_estimate":0.02145358701667588,"standard_error":0.012460302286978342},"median":{"confidence_interval":{"confidence_level":0.95,"lower_bound":0.031082633224185585,"upper_bound":0.04745635537872639},"point_estimate":0.03565995592119586,"standard_error":0.004317311028897717}}