{"mean":{"confidence_interval":{"confidence_level":0.95,"lower_bound":2260164.966443183,"upper_bound":2288007.613636364},"point_estimate":2273884.2581818183,"standard_error":7087.387476306292},"median":{"confidence_interval":{"confidence_level":0.95,"lower_bound":2255159.659090909,"upper_bound":2292001.1818181816},"point_estimate":2272358.840909091,"standard_error":10552.862773304052},"median_abs_dev":{"confidence_interval":{"confidence_level":0.95,"lower_bound":60470.23230371169,"upper_bound":98246.71115577221},"point_estimate":85876.90783901658,"standard_error":9779.48031952821},"slope":null,"std_dev":{"confidence_interval":{"confidence_level":0.95,"lower_bound":60539.37562546334,"upper_bound":82329.52630467452},"point_estimate":71191.37190732158,"standard_error":5613.915356342896}}